amount,avatarUrl,bidAmountAverage,bidDurationAverage,feeRate,funding,introduction_x,isOpen,nickName,overdueRate30,overdueRate30AverageStr,overdueRate60,overdueRate60AverageStr,overdueRate90,overdueRate90AverageStr,plannerName,rate,runDays,strategyId,strategyTitle,strategyType,Unnamed: 0,Unnamed: 0.1,introduction_y,popularity,sumBidAmount,sumSelfBidAmount,userId,yieldRate,sumBidAmountDetail,registerDate
200,https://jc01.info.user.ppdai.com/ff2d80b70ca94c33b0c491beff8efe3f.jpg,32561684.4667,7,0.0,199,六月9%起投，最大限度保证资金不站岗。,0,海边的云,0,--,0,--,0,--,,0.1035,7,5596,豪叔赔标快投一号,0,84,84,2015年开始投资拍拍贷，虽历经风雨无数，却始终不离不弃，秉持价值投资，理性投资，长期投资的理念，坚信拍拍贷是实现财务自由的捷径。,549,3359563.0,23422.0,8902950,13.78,8287554,2015-09-18
200,https://jc01.info.user.ppdai.com/600bc6ac29ee45e8a603924c6535ce23.jpg,31981827.0,7,0.0,199,赔标风险低，选取最高收益的标的,0,独狼,0,--,0,--,0,--,,0.1036,37,4218,赔标高收益,0,130,130,拍拍贷投资3年，在投资金200多万，专攻散标,285,2795804.0,0.0,41297949,17.19,4501709,2017-01-04
200,https://jc01.info.user.ppdai.com/14d28fd4818a467fa3a6cd51b17db59e.jpg,13484733.2333,9,0.0,199,第一次借款，来提高提前还款的概率，从而整体拉高收益率。,0,童话,0,--,0,--,0,--,,0.1039,139,2238,第一次借款,0,89,89,多年拍拍贷投资经验，分析各种维度优劣，高收益低逾期，可以获取较高额投资回报。,498,9358216.0,464924.0,29394783,14.499999999999998,2708786,2016-08-01
200,https://jc01.info.user.ppdai.com/dc2e1298a3bd4003adc98062999d7f32.jpg,8006920.9,6,0.0,199,学历认证，负债率低，小额借款，良好信誉,0,周秦汉唐,0,--,0,--,0,--,,0.1031,63,3632,学历低负债高信誉,0,138,138,投资拍拍贷多年，通过自身实践及大数据的研究，熟知各投标维度对逾期的影响！策略稳健，保持良好收益率！,257,1766337.0,18546.0,31045588,11.87,6190683,2016-08-24
200,https://jc01.info.user.ppdai.com/eea49472f95645d1bebb7953f514d733.JPG,6211981.5,6,0.0,199,短期快回收，青春女性逾期少、易催收。,0,我心飞翔,0,--,0,--,0,--,,0.1034,98,3184,六月青春女,0,93,93,名校工科硕士，从事IT行业，软件开发十余年，5年p2p投资经验，擅长数据分析。投资风格稳健，充分利用优质第三方策略，以及在拍拍贷积累的投资经验，形成自己的投资风格。拍拍贷投资口号：一切靠数据说话！,481,5652206.0,57021.0,38037452,17.86,6693575,2016-11-24
200,https://jc01.info.user.ppdai.com/d496785496ed45089108c5683f63e482.jpg,3657892.0,6,0.0,199,控制短期借款金额、总负债金额，享受提前还款一个月利息收益，提高综合收益,1,hansgang,0,--,0,--,0,--,,0.1032,34,4503,短期提前还赔标策略,0,142,142,投资拍拍贷已有3个年头，本着稳健投资理念，投资基本把握一半赔一半信，至今信标投资近千万,241,1242392.0,247132.0,17889024,14.87,10994959,2016-01-03
200,https://jc01.info.user.ppdai.com/dc4cf959aeec4573ae5be071485a2b8f.JPG,31981827.0,7,0.0,198,好赔标,0,hzzkf,0,--,0,--,0,--,,0.1036,57,3713,好赔标,0,69,69,丰富的信用标投标经历，为你带来超高收益。,687,5863613.0,394952.0,17186850,16.43,10994994,2015-12-17
200,https://jc01.info.user.ppdai.com/7c250a53f1064b5884b90c57c0017159.jpg,31981827.0,7,0.0,198,自用赔标,0,amelia336,0,--,0,--,0,--,,0.1036,56,3726,自用赔标,0,87,87,长期信用标投标经历，注重高质量标的挖掘。,509,8137385.0,612227.0,38785279,15.9,11527044,2016-12-04
200,https://jc01.info.user.ppdai.com/c5898109af3f4accac22cab2a5fb224a.jpg,31981827.0,7,0.0,198,主投市场主流陪标,0,策略大师,0,--,0,--,0,--,,0.1036,41,4047,陪标主流策略,0,76,76,5年拍拍贷投资经验，已还清和收款中标数接近5倍，策略稳定性已经时间考验，收益率多年稳定在17%到20%。,583,3764076.0,152854.0,1131549,18.44,4226697,2013-08-01
200,https://jc01.info.user.ppdai.com/132170f3c6a5407c809344cec9a5c8f2.jpg,22549713.4,6,0.0,198,选投6个月期限的AA标,0,无明,0,--,0,--,0,--,,0.1032,30,4492,六月飞雪,0,124,124,一入拍拍深似海 策略选标不茫然,301,1791214.0,25894.0,20496357,15.77,27247086,2016-03-09
200,https://jc01.info.user.ppdai.com/7dc0577b24b54f8d9e98007903d27c72.jpg,9432000.2667,12,0.0,198,只投9月以上高息赔标,0,拍拍乐,0,--,0,--,0,--,,0.1053,29,4617,辽宁号之9月高息赔标,0,94,94,从赔标起步，到用自定义策略投资信用标，一直坚持稳健投资风格。希望我的策略也能助你稳健收益。策略更新说明和邀请码，请看“策略师说“。,480,6212469.0,76653.0,35741912,14.88,4715225,2016-10-27
200,https://jc01.info.user.ppdai.com/2ecb465c30c94049ac1cd802c43ae677.jpg,7577185.6,6,0.0,198,6月以内的短期非首贷0逾赔标，用于加仓和消券比较合适。,0,老师付,0,--,0,--,0,--,,0.1034,58,3689,6月0逾,0,56,56,2013年就注册了拍拍，从手动投标开始，各种投标方法都经历过。形成了自己稳健的选标策略，总投资额超千万，已收利息超百万。,869,10524360.0,753015.0,1269704,15.7,19252746,2013-11-02
200,https://jc01.info.user.ppdai.com/776d3f1aa34b4e3b87ab40f7ee4520a3.jpg,7276298.7,6,0.0,198,短期陪标，1-6个月，第一次借款,0,分分添财,0,--,0,--,0,--,,0.1027,36,4391,短期陪标首借,0,131,131,会计、财务专业背景，2011年进入拍拍贷投资，骨灰级客户，收益率稳健。投资就像长跑，不要在意起跑速度，长期保持稳定收益才是最重要的，时间会给您带来惊喜！,285,1884995.0,41323.0,454737,14.9,2534698,2011-09-28
200,https://jc01.info.user.ppdai.com/50ae275c8a044169af9f8c6098c555fb.jpg,1333138.0,12,0.0,198,AA赔标策略,0,流苏,0,--,0,--,0,--,,0.1053,34,4484,水云间赔标策略,0,122,122,本人有很多年理财经验，并且这一年来有多个自定义策略运行结果，最近一年实际计算收益率在17左右,309,6924153.0,56129.0,64609035,19.07,4530486,2017-09-16
200,https://jc01.info.user.ppdai.com/f17f0423859746f0a8a5df00345dd987.jpg,31981827.0,7,0.0,197,其他条件无限制,0,开心奶爸,0,--,0,--,0,--,,0.1036,9,5387,6月以上高利率陪标,0,62,62,投资多年，数据积累，经验丰富。,745,4184770.0,94170.0,19414145,18.88,8063598,2016-02-07
200,https://jc01.info.user.ppdai.com/8366276e235649bc90c10ff1416d3fc6.jpg,9432000.2667,12,0.0,197,大富系列，赔标精选,0,拍大富,0,--,0,--,0,--,,0.1053,41,4048,大富9-36月赔标,0,63,63,长期投资拍拍贷，专注于从大数据中挖掘统计规律，回溯建立量化模型，精于投资策略的设计及收益分析，追求长期稳定的高收益。以诚为本，行以致远。,743,34662025.0,276440.0,49348686,21.48,6015088,2017-04-10
200,https://jc01.info.user.ppdai.com/851279a87aa44765b9dee19b74c70454.jpg,14680031.1,6,0.0,193,主投短周期标，增加复投以提高收益,0,向内行走,0,--,0,--,0,--,,0.105,69,3580,北斗优选AA,0,47,47,计算机专业背景，10余年数据挖掘从业经验，擅长大数据分析。4年P2P投资经历。2015年开始投资拍拍贷，通过对信用标的多维度投标及历史数据分析，积累了丰富的标的信息，逐渐建立了稳健的投标模型。,977,34329969.0,618365.0,17521918,12.95,5780585,2015-12-25
200,https://jc01.info.user.ppdai.com/ed45a6c0b57c41569976dd763b77a273.jpg,4059741.1333,12,0.0,184,女赔标,0,seset,0,--,0,--,0,--,,0.1053,27,4760,窈窕淑女@稳固收益,0,101,101,自从投资拍拍贷以来，一直长期坚持自定义选标，投标维度紧随行情调整，保证了最大收益率和资金利用率的动态平衡，获得了较高的稳定收益。,393,5479204.0,829122.0,3996158,16.64,4640542,2014-10-15
200,https://jc01.info.user.ppdai.com/f44d7aa1b0574a00be0862f5f85bfe07.jpg,31900800.4667,7,0.0,173,省力、省心、收益稳定,0,风雨无阻,0,--,0,--,0,--,,0.1036,37,4258,风雨彩虹（赔标）,0,153,153,"2015年1月投资拍拍贷,主要信用标投资,通过几年积累,总结一定经验,与大家共享稳定收益.",182,2158474.0,81949.0,5003090,14.07,8687983,2015-01-16
200,https://jc01.info.user.ppdai.com/d08ccacf08a246ed949ccb4440d9ee74.jpg,1403400.1333,6,0.0,161,信用标荒，不时之需,0,BW之一念之间,0,--,0,--,0,--,,0.1027,29,4592,BW之不时之需,0,106,106,有缘的自然有缘，愿远离世俗，还一片净土,379,6534859.0,22488.0,58397970,15.79,5494771,2017-07-17
200,https://jc01.info.user.ppdai.com/b2a417e013f14f69ae44b7232546e830.JPG,22549036.4667,6,0.0,160,短期陪标策略，防止资金站岗。,0,虔诚的Rumi,0,--,0,--,0,--,,0.1032,6,5615,Alpha_v3,0,29,29,15年10月注册拍拍贷，17年4月研究自定义，开始成百上千次的回测，基本每一个微小变量的变化都曾回测比对过进行分析，不过度挖掘数据，以避免陷入偶然性的陷阱。,1229,24861538.0,278625.0,15286073,16.689999999999998,17576230,2015-10-30
200,https://jc01.info.user.ppdai.com/ddd4e77f68e1490397f66510d3bda2bc.jpg,32680616.7333,7,0.0,128,省心省力，资金不站岗。,0,Garrett,0,--,0,--,0,--,,0.1034,2,5740,布衣省力,0,150,150,2016年开始投资拍拍贷，从刚开始的一无所知，只追求高利率的散标，到经历了大量逾期，开始注重标的整体风险管控。投资风格从此一步步的走向理性和成熟。希望我的策略能帮您获得稳健可持续的收益。,208,2869768.0,553587.0,1265568,13.38,5039917,2013-10-31
200,https://jc01.info.user.ppdai.com/2289298cdedf415e8416e0e1b6e3d4c2.jpg,31981827.0,7,0.0,128,陪标策略，稳健为主。,0,传奇,0,--,0,--,0,--,,0.1036,6,5633,传奇陪标10号,0,164,164,10余年金融从业经历，对小额信用借款的风险点及防范措施有深入研究，投资风格稳健，追求长期稳定收益。,132,1147917.0,18010.0,38573111,16.259999999999998,2198093,2016-12-01
200,https://jc01.info.user.ppdai.com/5cd43279b24746f39b89abdcc3d38f89.jpg,4794300.4333,6,0.0,83,短期赔资金周转快，解决资金站岗,0,重剑无锋,0,--,0,--,0,--,,0.1027,2,5779,六月以下短期赔,0,7,7,投资拍拍贷近三年，早期投赔一年多，后转信，多维度数据分析获得的投标策略安全可靠抗风险能力强，目前每月当月收益率均在17-20%之间，累计收益率将稳步提升，策略回溯逾期率情况详见策略师说,1933,20433283.0,126783.0,15397976,14.23,3582367,2015-11-03
200,https://jc01.info.user.ppdai.com/72d4933d300a4c90b4c58f2f6b1e3170.jpg,9420633.2,12,0.0,81,12月长赔标,0,化学键,0,--,0,--,0,--,,0.1053,16,4842,瞎投赔标,0,195,195,一身诗意千寻瀑,70,1476305.0,480.0,56220633,14.21,2225586,2017-06-25
200,https://jc01.info.user.ppdai.com/8899a28cd1a04f63aee0cb1fb920a71d.png,23804967.8333,8,0.0,78,一年内赔标,0,一起成长,0,--,0,--,0,--,,0.105,37,4324,一年内赔标,0,66,66,2015年投资拍拍贷至今，追求稳定基础上的较高收益，期间不离不弃，和拍拍贷一起成长，作风稳健。投资净收益逾80万以上，累计投标金额超过1400万元。,713,11630492.0,471158.0,7945416,17.740000000000006,14295807,2015-08-14
200,https://jc01.info.user.ppdai.com/3ae9c773ebfe4d1ca0692116167c3815.jpg,31981827.0,7,0.0,70,利率10.5起投，借款金额小于1万元，期限不限,0,光明使者,0,--,0,--,0,--,,0.1036,24,4829,小额陪标,0,158,158,本人2013年开始投资P2P，2015年正式投资拍拍贷，长期潜心研究借款人各项指标对逾期率的影响，积累了丰富的投资经验。,149,3674953.0,347740.0,15637936,14.99,11044062,2015-11-09
200,https://jc01.info.user.ppdai.com/5f825251dc35470182f0c8ca2f58d82c.PNG,4844062.4333,6,0.0,70,精选六月期限赔标,0,西虹剑客,0,--,0,--,0,--,,0.1029,5,5696,西虹6月赔,0,178,178,长期投资拍拍贷，擅长历史数据回测，期望我的策略能给你带来好收益。,91,965825.0,10507.0,48924899,20.12,3123640,2017-04-06
200,https://jc01.info.user.ppdai.com/c95dc71eed624a81824290ca2238b3a2.jpg,32561684.4667,7,0.0,58,6月以上陪标,0,银河飞沙,0,--,0,--,0,--,,0.1035,2,5780,银河赔标,0,186,186,以过往投资数据记录为依据，沉稳追求可持续收益,78,1283536.0,194577.0,59242701,15.15,4517475,2017-07-26
200,https://jc01.info.user.ppdai.com/f94db2b9db604e3c8cceb615c198b9fa.jpg,31981827.0,7,0.0,57,容易投,0,春华秋实,0,--,0,--,0,--,,0.1036,5,5712,春华秋实赔标,0,166,166,自认识了p2p以后，现在投资只有p2p和定投。,125,1633847.0,209736.0,30992228,14.44,4891626,2016-08-23
200,https://jc01.info.user.ppdai.com/55e7672a7c8147618d5fe6fb4a29b75c.jpg,24100664.3,8,0.0,54,尽量选择高收益的AA赔标，同时从时间跨度上做一些控制。,0,南有乔木,0,--,0,--,0,--,,0.1051,40,4159,他山之石,0,28,28,10年网贷经验，在PPD总投资达500万以上，散标累计千万以上。利用多维度筛选借款人，形成自定义策略，在茫茫标的“大海”中选择最优质标的， 具有丰富的独到的经验。备注：策略动态及邀请码请参见“策略师说”。,1240,16978650.0,454222.0,34018475,15.5,4935039,2016-10-05
200,https://jc01.info.user.ppdai.com/19aa7395d8f245838cf39de2406f9087.jpg,10839661.0667,7,0.0,52,借款期限1-12个月，仅出借给年轻人。赔标不怕年轻人逾期，喜欢年轻人提前还款,0,圆满收益,0,--,0,--,0,--,,0.1036,40,4141,小年轻还的快,0,161,161,在拍拍贷投资近两年，通过借鉴老司机的选标经验、进行大量的数据分析和投标实践，不断完善投标策略，获得非常满意的年化收益率。,139,2900805.0,17576.0,45511401,16.78,18863456,2017-02-28
200,https://jc01.info.user.ppdai.com/9ed49528261e4a0097a41efe15b574bf.jpg,1071658.0,6,0.0,52,多次借款的AA标，小额多次借款,0,sk632,0,--,0,--,0,--,,0.1032,34,4023,陪标挖掘,0,25,25,"2013年来拍拍贷投资,持续复投,累计年化收益率16%,实现资产4年翻番.投资经验丰富,和大家分享.",1285,20525123.0,47920.0,959136,14.84,10629205,2013-01-02
200,https://jc01.info.user.ppdai.com/f2066e576941496caa1cdfd204aeac2b.jpg,12652615.3,6,0.0,47,"3-6月 AA标, 短期高息快回款，定活两便 好开心！",0,财富这边独好,0,--,0,--,0,--,,0.1031,29,4583,高息快转天天赚,0,118,118,"本人从事经贸工作,喜爱钻研投资理财,15年4月始投互金,15年10月始投拍拍贷,17年11月底玩自定义。不断改进策略，效果显著。至今家庭多账户自定义循环投标超1000万，逾期率很低；290天已过，年化收益显示在25%以上。",330,3490378.0,374845.0,7659960,17.24,11246905,2015-08-01
200,https://jc01.info.user.ppdai.com/c209170f7fa94c4294923f92e9f93619.JPG,9420746.5333,12,0.0,46,投12月以上高息标,0,山里人,0,--,0,--,0,--,,0.1053,16,5056,长期高息好转让,0,157,157,"专注于历史数据统计与数据分析, 倾向于稳重偏严苛的策略选择, 争取获得大概率稳定收益.",158,3251173.0,220904.0,8134624,18.29,5717583,2015-08-22
200,https://jc01.info.user.ppdai.com/b28a510f211e479ca53949bf074a849d.jpg,9406230.8667,12,0.0,46,活动专用,0,人生如梦,0,--,0,--,0,--,,0.1053,16,4996,「大于12月陪标」,0,192,192,策略主要是自用为主，也欢迎大户加入跟投~,72,2591133.0,592686.0,43506672,16.66,17740293,2017-02-03
200,https://jc01.info.user.ppdai.com/a8aa80a0f4f24b7d85cdab7ee4821baf.jpg,31981827.0,7,0.0,41,陪标，筛选条件较宽，标量多多益善。,0,大巧不工,0,--,0,--,0,--,,0.1036,8,5553,自用陪标,0,198,198,拍拍贷3年投资经验。累计年化收益率15%以上。日久见人心，用投资回报说话。,62,1170047.0,126621.0,9386277,15.81,7073540,2015-10-04
200,https://jc01.info.user.ppdai.com/b1b65a36aff0445a82372c9e8cb03bc6.png,22549713.4,6,0.0,41,为喜欢陪标的朋友提供方便,0,问道于风,0,--,0,--,0,--,,0.1032,27,4621,免费陪标,0,160,160,问道于风，凭心远行,143,2466628.0,162517.0,29221235,14.41,2986108,2016-07-30
200,https://jc01.info.user.ppdai.com/7a7f0b7311e9421bbe11cbceeb78bca2.png,10096394.1667,7,0.0,41,致富赔,0,诚实豆沙包,0,--,0,--,0,--,,0.1035,14,5256,提前还款赔,0,123,123,金融从业12年，对金融大环境和周期非常敏感，只给投资人我最好的策略,302,3741118.0,242312.0,7656098,14.47,7651328,2015-08-01
200,https://jc01.info.user.ppdai.com/fb870de22be449b5b4db83a46fe22bac.jpg,6629376.6333,6,0.0,38,6月女赔，后宫爱好者最爱,0,叶叶,0,--,0,--,0,--,,0.1034,16,5106,6月女赔,0,177,177,投资信标3年，略有小成,95,1415349.0,49332.0,6900371,15.909999999999998,3110283,2015-06-22
200,https://jc01.info.user.ppdai.com/ff111ec68f06493b9a58b4dc78b3e763.png,3274094.5,12,0.0,37,所有我设置的维度都公示了，自己看吧，看不懂的再来问我！,0,熬胶,0,--,0,--,0,--,,0.1052,15,5196,十二月赔——驴托,0,61,61,日久见人心！驴托,769,4336538.0,141431.0,39776371,19.59,3020172,2016-12-17
200,https://jc01.info.user.ppdai.com/5c9bc6ecdf4f4e8382daa7f3dec5ad19.jpg,4052017.1333,6,0.0,36,短期赔标，替代活期,0,修生养息,0,--,0,--,0,--,,0.1033,70,3568,短期赔标,0,68,68,从2013年开始接触网贷，在拍拍贷上有5年以上的投资经验，长期累计收益率保持在18%左右，投资经验比较丰富,688,7812121.0,794473.0,936038,18.17,5741595,2012-12-06
200,https://jc01.info.user.ppdai.com/4eb3448966f04670b3e0f87681abfe61.jpg,1937116.2667,6,0.0,34,稳了，稳了。,0,道法自然,0,--,0,--,0,--,,0.1027,5,5676,稳了,0,140,140,本人上海某大学副教授，理学博士。策略自用为主，欢迎使用。,247,4348262.0,1015813.0,51111665,15.93,7471020,2017-05-02
200,https://jc01.info.user.ppdai.com/3406442d5e864de0a5e8d6f96044eb7b.jpg,32680616.7333,7,0.0,33,标荒过度,0,淡墨,0,--,0,--,0,--,,0.1034,1,5852,标荒过度,0,205,205,低风险，追求稳定收益。,55,644453.0,82775.0,59954630,17.130000000000006,3408763,2017-08-02
200,https://jc01.info.user.ppdai.com/887212e8063242c39fa0d6a5c3947a47.JPG,7314900.5,6,0.0,33,回款快，滚动利率高。,0,砥砺前行,0,--,0,--,0,--,,0.1034,16,4973,1-6月短期女标,0,191,191,2015年开始投资拍拍贷，从最初的陪标转向信标，看中的就是拍拍贷的模式和未来对个人信用的完善。通过大数据不断试错，投资取得较稳定的成绩。,73,2210427.0,32803.0,9529782,16.650000000000002,2771631,2015-10-09
200,https://jc01.info.user.ppdai.com/3ded348f18a04ecfa5b7e308c49f50b5.jpg,1575274.1667,6,0.0,33,短期6月陪标，优选首次低借款，以提高提前还款概率。,0,紫电青鱼,0,--,0,--,0,--,,0.10300000000000001,29,4635,六月飞标,0,197,197,作为令人放心的平台之一，我2016年起投资了拍拍；进而发现自身的努力，可以获得很好的收益，希望能通过平台结交更多朋友，共同提高投资收益,63,675265.0,8853.0,35600267,13.77,7593353,2016-10-25
200,https://jc01.info.user.ppdai.com/7e55f1d1b4f54525991fe55b9b84f330.jpg,3570246.4333,8,0.0,32,通过多个维度设定提高秒还概率，使消卷、复投更快，复利更高,0,完美宇宙,0,--,0,--,0,--,,0.1036,34,4471,完美宇宙陪标,0,176,176,近二十年数据统计分析工作，多年投资拍拍经验，策略经过老鸟的指点和时间的经验，使用收益很好。,97,1320730.0,27150.0,63075705,18.54,2188527,2017-09-01
200,https://jc01.info.user.ppdai.com/fc2ec0c3ba7148c99e5a2e0c0cca5d6b.jpg,2252259.6667,6,0.0,31,6月、小额度、首次借款,0,希望的光,0,--,0,--,0,--,,0.1028,7,5566,6月小额首借赔标,0,211,211,2014年开始投资拍拍贷，至目前收益还不错，对于互联网金融这个行业的前景还是蛮看好的。,50,537795.0,6380.0,3632164,14.47,4840897,2014-09-11
200,https://jc01.info.user.ppdai.com/e1800735498a4c1da8c328c0e24b2c4f.jpg,10554247.6,6,0.0,30,无长期逾期的陪标策略，降低逾期风险。,0,行大运,0,--,0,--,0,--,,0.105,98,3140,行大运的陪标3,0,163,163,有丰富的P2P投资经验，2015年开始投资PPD，对自动投标策略有长期的使用经验和独到见解，路遥知马力，日久见人心。,134,3164994.0,755990.0,8491375,15.310000000000002,11884959,2015-09-04
200,https://jc01.info.user.ppdai.com/bdb94e2713454f65b14d97c166d27429.jpg,32560635.5667,7,0.0,29,大标量赔标策略。,0,持之以恒,0,--,0,--,0,--,,0.1035,1,5863,大平洋一号,0,230,230,计算机专业，擅长数据分析。2016年开始投资拍拍贷，走过一些弯路，也因此积累了宝贵的经验和原始数据，目标是希望获得持续和稳定的收益。,38,838499.0,66197.0,18103170,13.63,4159616,2016-01-08
200,https://jc01.info.user.ppdai.com/583ba618c9fb4372b27c3911ce7e96f7.JPG,4128514.7,6,0.0,29,主要是增加提前还款概率，来提高收益率，建仓和加仓神器。,0,果汁分你一半,0,--,0,--,0,--,,0.1029,5,5681,提前好福气,0,120,120,近2年投资经验，自用策略，大家放心使用。,316,2274859.0,53213.0,43197859,15.79,6158700,2017-01-25
200,https://jc01.info.user.ppdai.com/776c2f4fe7a54a9d97fd9032eec5d55e.jpg,31981827.0,7,0.0,28,高息赔标，欢迎使用,0,小蓝,0,--,0,--,0,--,,0.1036,36,4346,高息赔标,0,169,169,本人2012年开始投资拍拍贷，有六年的投资经验，经过六年的投资能够很好的把握某些数据对逾期的影响，能够很好的控制逾期比例，达到高收益,112,1676609.0,122415.0,895761,16.66,2693716,2012-10-29
200,https://jc01.info.user.ppdai.com/e6a77b09b2c64711814c10c4918865d8.jpg,3508562.7,7,0.0,28,学历认证陪标,0,慢慢长大,0,--,0,--,0,--,,0.105,41,4044,学历认证陪标,0,43,43,2012年注册拍拍贷，5年投资拍拍贷经历，擅长数据挖掘。作风稳健。本策略自用为主，不追求投标量！,998,17910646.0,760701.0,899416,14.94,13989706,2012-11-03
200,https://jc01.info.user.ppdai.com/d03d7239ffd44adc8201b1bdd8656aac.jpg,1501947.9667,6,0.0,28,小金额无逾期策略,0,懒猫,0,--,0,--,0,--,,0.1037,14,4705,小崽崽2,0,208,208,我已经在拍拍贷投资三年了，积攒了丰富的投资经验，一直保持着不错的收益,53,2441897.0,134030.0,25972700,16.259999999999998,5944430,2016-06-12
200,https://jc01.info.user.ppdai.com/a10a1f1e88e54a5097b9e74a1a7b6446.jpg,4042376.7,6,0.0,27,6月陪标,0,aitpi,0,--,0,--,0,--,,0.1037,9,5427,6陪,0,225,225,自用策略，欢迎试用,41,1771233.0,118882.0,40755939,13.61,3424098,2016-12-29
200,https://jc01.info.user.ppdai.com/21d88b59529944849a2d5e8d47001353.png,23248503.1333,6,0.0,25,期限6个月以下的短期赔。,0,岁进斗金,0,--,0,--,0,--,,0.10300000000000001,4,5674,短期陪标——马托,0,185,185,路遥知马力，马托,80,1466434.0,30924.0,66651250,17.25,3431287,2017-10-07
200,https://jc01.info.user.ppdai.com/aa98d91e7b9b4e47a1243195b11f6c19.jpg,22549713.4,6,0.0,25,本策略只投6月以下的标的，利息10.5起投，回款快,0,会计师,0,--,0,--,0,--,,0.1032,51,3835,短期宝2号,0,162,162,作为一名会计师，长期致力于大数据统计分析，对拍拍贷散标积累了丰富的投资经验。策略宗旨：条件严苛，不求数量，追求收益，只为自用。,138,1210013.0,176757.0,23341481,13.36,3265582,2016-05-01
200,https://jc01.info.user.ppdai.com/e5235d91c1a44443a886f60a660fdb75.png,3885020.8,6,0.0,25,学历陪标,0,最好的我们,0,--,0,--,0,--,,0.1036,36,4355,3-6月陪标,0,229,229,6年来专注拍拍贷信用标投资分析，累计年华收益率20+,39,647116.0,3150.0,905225,19.71,3618561,2012-11-09
200,https://jc01.info.user.ppdai.com/2929b972e876407285d0c76090302f27.png,14668664.0333,6,0.0,23,专投6月高息赔,0,爱我中华,0,--,0,--,0,--,,0.105,16,5151,六月高赔,0,188,188,多年投资经验，2016年进入拍拍贷后，通过不断的投标，对坏账的分析，取的了不错的投标收益。成为策略师后，希望给大家分析自己的收获，帮助更多人提高收益。,77,1607377.0,24838.0,18125895,18.21,3326366,2016-01-08
200,https://jc01.info.user.ppdai.com/c623bff17795401ba67cc48005d5f000.png,3288084.8333,8,0.0,23,精选赔标，加仓以备不时之需,0,BlueEyes,0,--,0,--,0,--,,0.1036,51,3767,BE精选之AA标,0,86,86,会计出生，喜欢研究各种数据，从杂乱无章中找出规律和线索，这也是拍拍贷信标的乐趣所在,516,32022326.0,470978.0,31897898,17.4,3945640,2016-09-05
200,https://jc01.info.user.ppdai.com/a8bc6a4d566f4dc28a2c38cdfbd35375.jpg,15187612.4,6,0.0,22,此策略投AA，快速高效稳定。,0,高息低逾一号,0,--,0,--,0,--,,0.1034,24,4875,AA投标快-准-稳,0,260,260,投资综合年华收益18%+,24,914362.0,350.0,6574702,19.41,2172550,2015-06-02
200,https://jc01.info.user.ppdai.com/1477b89c23cb4fdea18f7130d0ff68fe.jpg,3671201.8,8,0.0,22,魔镜等级：AA,0,明镜止水,0,--,0,--,0,--,,0.1036,8,5518,赔标策略,0,92,92,多年投资经验，擅长IT信息技术和数据分析。作风稳健，追求稳定的收益。拍拍贷论坛2018年4月单月账单奖的第三名。更多信息请看本页面的“策略师说”。,484,8339056.0,666331.0,53490111,17.82,5692255,2017-05-27
200,https://jc01.info.user.ppdai.com/0f50c8258ad3444888e0e602438e5b98.png,22549713.4,6,0.0,21,通过精投短期高息标，来增加一个周期内的复利次数，来提高稳定收益,0,嗨皮男孩,0,--,0,--,0,--,,0.1032,40,4112,高复利陪标,0,249,249,自14年注册拍拍贷以来，自己始终谨慎谨微，珍惜自己的每一丁点的血汗，功夫不负有心人，自己琢磨的一些策略，一直保持在15%收益上下（追求再高一些的收益就只有另请高就了）。没有经过几年的收集和沉淀，不敢面人,32,301155.0,32363.0,3616308,14.92,5844381,2014-09-09
200,https://jc01.info.user.ppdai.com/ec4b2cd3e777457e9925627b3c400c1f.png,9179506.3,12,0.0,21,12月赔标，搞活动专用。,0,散步的鱼,0,--,0,--,0,--,,0.105,15,5121,12月赔,0,133,133,三年拍拍投资经验，累计投资1500万，收益18+以上。,273,1819166.0,98692.0,25518598,19.38,25000296,2016-06-05
200,https://jc01.info.user.ppdai.com/1fc38dc7b75a473ba125f74156ca38c5.jpg,7591231.2333,8,0.0,21,本策略会不断优化，持续提高提前还款概率,0,聪明的投资者,0,--,0,--,0,--,,0.1037,12,5328,提前还款致富标,0,154,154,本人专注信用标自定义投资多年，争做18%+金牌策略，带领大家一起做聪明的投资者！,176,2469889.0,4200.0,29773335,18.71,8826437,2016-08-07
200,https://jc01.info.user.ppdai.com/062f01d13fdf43318568fd10baa53475.jpg,1095620.2,6,0.0,21,3到6月赔标,0,淡彩,0,--,0,--,0,--,,0.1032,16,4903,3到6月赔标,0,232,232,入驻拍拍贷投资一年多，通过精心研究信用投标策略，获得了令人满意的年化收益率,37,186507.0,120317.0,53938421,22.54,2585798,2017-06-01
200,https://jc01.info.user.ppdai.com/2d285f63486d440f80da3a6bfd2e9843.jpg,23248503.1333,6,0.0,20,6月内短期赔，散标站岗时用用。,0,清清草,0,--,0,--,0,--,,0.10300000000000001,2,5759,1-6月AA标,0,183,183,拍拍贷最好玩也是很费神的是选标，几乎各种类型的标都投过，有收获也有教训。因为一直是坚持自定义投标，所以对如何选标有自己的策略和见解。申请策略师是为了多一个途径研究拍拍贷，能更好地投标和取得好成绩。,84,589550.0,37505.0,42206468,20.0,4188473,2017-01-14
200,https://jc01.info.user.ppdai.com/0ce19aa382fa4eb68e8f1e837686929d.jpg,9432000.2667,12,0.0,20,鹤舞白沙出品，赔标精选,0,鹤舞白沙,0,--,0,--,0,--,,0.1053,14,5252,高息9~36月赔,0,156,156,计算机网络专业，曾任职财务总监，对数据有深入洞察力，喜欢研究拍拍贷优质策略，挖掘其中有价值的规律，并经过长期实践验证，形成优中选优的策略。投资口号：站在巨人的肩膀，你会看得更远！,161,1476699.0,59668.0,38154418,16.81,3724898,2016-11-26
200,https://jc01.info.user.ppdai.com/f886098ce1cf4ad59c28f2385233d117.png,7591231.2333,8,0.0,19,随机应变的赔标策略,0,韶华倾富,0,--,0,--,0,--,,0.1037,2,5746,随机应变,0,23,23,网贷7年，多账号总投资过千万，擅长在标量和逾期率中寻找最佳平衡点，寻找优质标，策略有时会满员，关注并点开“策略师说”，会有邀请码和策略变更说明,1314,49068078.0,298331.0,19317831,19.01,6624804,2016-02-02
200,https://jc01.info.user.ppdai.com/3cc62e4a9cd446dc9bebe80b1107107a.JPG,3570249.0333,8,0.0,19,赔标策略，专注于首借,0,神龙,0,--,0,--,0,--,,0.1036,24,4889,满堂花小额首借,0,196,196,10多年理财经验，收益颇丰，有完整的一年多个自定义策略运行结果，最近一年实际计算收益率在17左右,63,1910039.0,155344.0,63043789,17.5,6232661,2017-09-01
200,https://jc01.info.user.ppdai.com/b19a97d227e24cb2bcbb185525840db5.JPG,23129570.8667,6,0.0,18,只投6月陪标，欢迎大家使用。,0,唯一策略,0,--,0,--,0,--,,0.10300000000000001,37,4199,第一陪标策略,0,200,200,"本人通过大数据分析策略，将自己当月收益率从3月份8.5%提升到了8月份的20%,每月还在稳固提高。通过不断优化，已分析出多个稳定，高收益的策略。",60,1323795.0,86864.0,6289298,17.580000000000002,2405205,2015-05-14
200,https://jc01.info.user.ppdai.com/87a237f90a7341de88ef7cdffa1b0292.jpg,9420633.2,12,0.0,18,活动加仓用，人少更好用~,0,红土地,0,--,0,--,0,--,,0.1053,15,5208,「≥12月活动陪标」,0,168,168,拍拍贷的超级铁粉~,112,2523056.0,593563.0,45605360,16.56,16476100,2017-03-01
200,https://jc01.info.user.ppdai.com/d59c5568b400469d92784afa9a015977.jpg,6457190.1,6,0.0,18,陪标,0,心灵牧场,0,--,0,--,0,--,,0.1035,27,4752,心灵2号,0,246,246,投资拍拍贷3年，投资600多万元，80%以上为信用标，选标经验丰富，取得了不错的收益。,32,969093.0,221361.0,4975018,16.939999999999998,7100474,2015-01-13
200,https://jc01.info.user.ppdai.com/ef534d339d0d47d7beafbfbea1e33f1a.jpg,1092087.6,6,0.0,18,高息AA标，安全，收益高。,0,Jack ,0,--,0,--,0,--,,0.105,37,4286,AA安心标,0,79,79,老用户，一直坚持散标投资。收益稳定，逾期低。,557,3306521.0,369354.0,821707,14.44,7158201,2012-08-31
200,https://jc01.info.user.ppdai.com/ae5ebd1509204ba396e5962eac9d1189.jpg,31661496.9,7,0.0,16,小额分散，稳打稳扎，长期坚持，回报优厚！,0,海山一号,0,--,0,--,0,--,,0.1036,2,5515,激荡&水大鱼大,0,256,256,本人常年从事财经类工作，有经济师和会计师职称，对国家财政金融政策的趋势走向有独到的见解，主张通过投资分享国家发展的红利。,26,279599.0,0.0,51146929,13.19,5559719,2017-05-02
200,https://jc01.info.user.ppdai.com/25b4c9d4f6fe4d828bdeffe4d7385f42.jpg,15754257.3333,6,0.0,16,赔标通吃,0,小青年牛牛,0,--,0,--,0,--,,0.1031,9,5484,方舟赔标,0,206,206,从2015年在家人的影响下来到拍拍贷，马上4年整了，从开初的只敢赔标，到后来的赔、信混合，到现在逐步全信，感谢拍拍贷让我有了财富的收获，学到了很多东西，我会一直坚持下去的。,54,1794147.0,127857.0,5013590,15.53,24874783,2015-01-17
200,https://jc01.info.user.ppdai.com/78eec68368d749ff8b65613a4b33c403.jpg,14668664.0333,6,0.0,16,6个月内短期标，减少站岗资金，灵活投资,0,沙滩,0,--,0,--,0,--,,0.105,36,4302,短期快赢,0,64,64,长江后浪推前浪！拍拍贷九年老用户，铁杆投资人，您值得信赖！,727,5111846.0,226558.0,63752,14.18,9824958,2009-02-03
200,https://jc01.info.user.ppdai.com/8c6b51845b7a4897972d41e174e41872.jpg,1491940.0333,6,0.0,16,信标的标准 ,0,最爱灰太狼,0,--,0,--,0,--,,0.1028,37,4164,灰太狼1号,0,152,152,多年各种P2P平台理财经验,187,2503932.0,266888.0,22172815,13.79,4527252,2016-04-10
200,https://jc01.info.user.ppdai.com/e4cc133e7bd442dd94aa89dc798ec9e1.png,9432113.6,12,0.0,15,10赔,0,苏州红枫叶,0,--,0,--,0,--,,0.1053,9,5386,济舟一号赔标,0,136,136,多年拍拍投资经历，目前累计年化收益19%+,260,2750997.0,74178.0,29151882,20.12,5575337,2016-07-29
200,https://jc01.info.user.ppdai.com/35213bd2472641d3a7df928825736d79.jpg,3237651.0,6,0.0,15,1年期以内的赔标，追求提前还款来进一步提高收益率。,0,狙击手,0,--,0,--,0,--,,0.1027,6,5623,狙击赔标2号,0,173,173,工作中长期与数字打交道，有多年的股票、ETF指数基金的交易经历，2016年初开始投资网贷，最终发现拍拍贷才是纯粹的P2P，现在主要自定义投信用标。,107,533498.0,190511.0,61969199,16.05,3388098,2017-08-22
200,https://jc01.info.user.ppdai.com/77da55f43db44a10ad87d8ea8154c158.jpg,31981827.0,7,0.0,14,6月以上免费陪标速投,0,webstag,0,--,0,--,0,--,,0.1036,1,5837,6月以上免费陪标速投,0,275,275,加入拍拍贷8年，多年拍拍投资经验，本人IT男，善于数据分析来判断标的风险，由于之前陪标比较多综合收益不高，不过信标保持稳定收益。,18,142941.0,44035.0,192856,15.56,2750841,2010-01-22
200,https://jc01.info.user.ppdai.com/93b2e425960045b1a820410567f3be95.jpg,9370516.8667,7,0.0,14,年轻女性借款人,0,时间+复利,0,--,0,--,0,--,,0.1038,7,5572,精选女陪标,0,210,210,科学家爱因斯坦说过：世界上最厉害的武器不是原子弹，而是“时间+复利”。复利是人类已知的世界第八大奇迹！2011年接触网贷，4年拍拍贷投资经验，程序化投资，共创资本复利的价值！,52,1081466.0,112048.0,15667598,15.87,5687334,2015-11-10
200,https://jc01.info.user.ppdai.com/1dc00b4dd8c14130a8c32737c0e98015.png,1873759.2667,6,0.0,14,赔标的要求就是提前还款的多，本策略注重还款人提前还款的概率,0,带你飞,0,--,0,--,0,--,,0.1033,41,4020,小额赔标,0,134,134,投资p2p多年，有丰富的理财经验。喜欢拍拍贷散标形式，保持稳定增长收益。,267,1744203.0,185412.0,51665293,26.72,3125471,2017-05-08
200,https://jc01.info.user.ppdai.com/d7c0a9c348724316aa6adb2444f4de03.jpg,22549713.4,6,0.0,13,就投短期陪标,0,秋天,0,--,0,--,0,--,,0.1032,12,5337,短平快,0,65,65,作为金融学研究生的专业人士，各种投资经历已有十多年。在拍拍贷三年多的投资经验，管理的几个账号总投出了上千万金额，摸索着各种维度优劣。分享高收益低逾期率策略，一起获取满意的投资回报吧！,719,2414165.0,170343.0,25313049,18.49,7482621,2016-06-02
200,https://jc01.info.user.ppdai.com/a0edd0a9b08b4970a78d2e475f61784c.jpg,22549713.4,6,0.0,13,≤6个月赔标,0,绝世好妈,0,--,0,--,0,--,,0.1032,1,5819,≤6个月赔标,0,54,54,2016年9月开始使用自定义策略，积累了丰富的选标经验，取得了较高的收益。,883,5012518.0,101435.0,29033788,18.85,4850344,2016-07-27
200,https://jc01.info.user.ppdai.com/bf32d728c38e42eab408dc6f2b3fa317.png,17603382.7667,7,0.0,13,赔标也要精挑细选，不满足于10.5,0,云龙,0,--,0,--,0,--,,0.1033,28,4713,云龙稳健一号,0,252,252,"20余年证券投资经验,自定义策略,自有资金投资信用标",28,1633777.0,217312.0,24466571,14.54,4890893,2016-05-20
200,https://jc01.info.user.ppdai.com/5a1d10c413a64ef1bb8c84b03abb3418.png,14668664.0333,6,0.0,13,短期6月赔,0,眼镜,0,--,0,--,0,--,,0.105,1,5828,6月赔AA,0,18,18,投资拍拍贷2年多，从刚开始的手动选标，到自定义策略选标，对各种纬度深刻了解，掌握大量数据，来做出高收益低逾期的策略。,1431,34711780.0,54002.0,16295340,19.83,4223250,2015-11-25
200,https://jc01.info.user.ppdai.com/69d437b4440e4a88825a67c0ddf13009.jpg,7551711.8667,6,0.0,13,6月，赔标，女性,0,Blue,0,--,0,--,0,--,,0.1034,2,5784,6月AA,0,203,203,拍拍贷多年投资经验，散标经验丰富，收益稳定。,56,665959.0,207115.0,33362360,19.57,14675291,2016-09-25
200,https://jc01.info.user.ppdai.com/54b9acaa3a1241079ffd7a41a3911f5c.jpg,4542553.3667,7,0.0,13,12个月内10%起优选赔标,0,邦哥,0,--,0,--,0,--,,0.1037,9,5442,空悟之邦1_赔,0,269,269,不断探索，创就策略高峰[中国上海*国内著名企业数据技术专家],20,885929.0,97577.0,9590091,15.409999999999998,5409444,2015-10-11
200,https://jc01.info.user.ppdai.com/8e9f708cc1d24a76a6e8b310db38bebc.jpg,1325434.0667,6,0.0,12,泡泡财富信用,0,泡泡,0,--,0,--,0,--,,0.1038,8,5471,泡泡财富信用,0,264,264,与拍拍一同成长。,23,287104.0,51692.0,652392,15.909999999999998,38667602,2012-02-26
200,https://jc01.info.user.ppdai.com/8d87befadb4544a2b63c295c77ecfca3.jpg,24100664.3,8,0.0,10,参加活动策略,0,superred,0,--,0,--,0,--,,0.1051,15,4839,活动赔,0,174,174,各个账户累计投标上千万，严控逾期,103,1791346.0,103579.0,45606083,19.27,4413593,2017-03-01
200,https://jc01.info.user.ppdai.com/7e6c0970c9c746cf95865f9f1d04c10f.jpg,11821566.9,7,0.0,10,专投女性,0,恭喜发财,0,--,0,--,0,--,,0.1036,9,5425,专投女性,0,189,189,自用策略，放心使用！想要高收益，本策略为你保驾护抗。,75,2171126.0,280974.0,21336823,18.26,5194651,2016-03-26
200,https://jc01.info.user.ppdai.com/7496a20dbb914dfeaf21434f30d224ef.jpg,3228136.6667,12,0.0,10,自用策略 欢迎使用,0,神奇的熊猫,0,--,0,--,0,--,,0.105,16,4943,加仓自用,0,215,215,升维思考 降维行动 精进自己 分享大家,48,941797.0,185522.0,28956690,12.17,5228856,2016-07-26
200,https://jc01.info.user.ppdai.com/aa24d0084435465aa08618a6ee6634df.png,31981827.0,7,0.0,9,根据官方利率，随时调整。,0,浪淘沙,0,--,0,--,0,--,,0.1036,7,5570,浪淘沙【赔标】,0,129,129,职业金融投资人，多年金融投资经验，对P2P投资有深入的研究和独特的见解。通过大量数据多维度的层层筛选，已经形成一套完善的投资策略。能在稳定的前提下实现较高的投资收益。欢迎大家前来体验。,286,2244692.0,476025.0,17012040,18.55,3592634,2015-12-12
200,https://jc01.info.user.ppdai.com/98c05fc211f54fa2ace27947be7070c1.jpg,9432000.2667,12,0.0,9,"陪标只选最高利率,拍拍只要最稳赔标",0,彩虹周,0,--,0,--,0,--,,0.1053,9,5396,9-36月高息宝,0,224,224,"投资拍拍贷多年,从赔标到信用标,一步一个脚印,稳健投资.",42,410545.0,18646.0,32821925,16.619999999999994,2172490,2016-09-18
200,https://jc01.info.user.ppdai.com/9d3ffc0753a246f28fb673a2fd1f0e0b.jpg,7881049.3667,6,0.0,9,相信我，一起共赢,0,ELLA,0,--,0,--,0,--,,0.1,0,5850,看得见的收益.,0,304,304,投资拍拍3年，收益颇丰，相信我，你也能做到。,8,29178.0,4290.0,35498178,13.73,3159434,2016-10-24
200,https://jc01.info.user.ppdai.com/698fb26e3a0a470193265bf4696e925f.png,4677834.6,7,0.0,9,3-36个月学历陪标,0,最好的一切,0,--,0,--,0,--,,0.1037,35,4431,陪标学历,0,247,247,专注信用标投资分析，注册至今，3年累年年华收益率21.2%,32,966199.0,84748.0,16456617,19.47,3323156,2015-11-29
200,https://jc01.info.user.ppdai.com/733a415c140e498992047c4ffeaaac71.png,4049829.3667,6,0.0,9,小额短期提前标,0,财富前行,0,--,0,--,0,--,,0.1031,2,5749,小额短期提前标,0,193,193,长期稳定投资拍拍贷，通过对大数据，尝试过各种策略自定义，现在能很好的避免不良维度对标质量的影响，保证质量的情况下提高标量，本人收益受陪标影响会显的偏低,72,883697.0,310070.0,38048926,18.76,5788380,2016-11-24
200,https://jc01.info.user.ppdai.com/d4c1aa0ae49d4244b35a9bf2436f80e6.jpg,1730166.7333,6,0.0,9,只投35岁以下男女，六月小额赔标。争取秒还，优化收益,0,暗香,0,--,0,--,0,--,,0.105,41,4076,最爱六月小额赔,0,82,82,拍拍每天都在创新，每天进步一点点。投资拍拍，深刻体会终身学习，积极进取才是拍拍永恒主题。,551,9618792.0,189120.0,42847283,18.41,3513172,2017-01-20
200,https://jc01.info.user.ppdai.com/158f136044974303a6381584c537b317.jpg,20110167.8,6,0.0,8,主要投6月赔标,0,空谷清秋,0,--,0,--,0,--,,0.1032,14,5244,稳定赔标,0,237,237,在拍拍贷投资多年，最大的感受就是稳，其次收益高。,36,89977.0,3270.0,4598324,13.51,4209844,2014-12-08
